{
    "yzk.jiyi": {
        "category": "record",
        "sounds": [
            {
                "stream": "true",
                "name": "yzk/jiyi",
                "pitch": 1,
                "volume": 1
            }
        ]
    },
	"yzk.om": {
        "category": "record",
		"replace": "true",
        "sounds": [
            {
                "stream": "true",
                "name": "yzk/om",
                "pitch": 1,
                "volume": 1
            }
        ]
    },
	"yzk.yk": {
        "category": "record",
        "sounds": [
            {
                "stream": "true",
                "name": "yzk/yk",
                "pitch": 1,
                "volume": 1
            }
        ]
    },
	"r.louder": {
        "category": "record",
        "sounds": [
            {
                "stream": "true",
                "name": "r/louder",
                "pitch": 1,
                "volume": 1
            }
        ]
    }
}